<?xml version="1.0" encoding="UTF-8"?>
<!--

     Copyright 2005-2016 Red Hat, Inc.

     Red Hat licenses this file to you under the Apache License, version
     2.0 (the "License"); you may not use this file except in compliance
     with the License.  You may obtain a copy of the License at

        http://www.apache.org/licenses/LICENSE-2.0

     Unless required by applicable law or agreed to in writing, software
     distributed under the License is distributed on an "AS IS" BASIS,
     WITHOUT WARRANTIES OR CONDITIONS OF ANY KIND, either express or
     implied.  See the License for the specific language governing
     permissions and limitations under the License.

-->
<blueprint xmlns="http://www.osgi.org/xmlns/blueprint/v1.0.0"
    xmlns:camelcxf="http://camel.apache.org/schema/blueprint/cxf"
    xmlns:cxf="http://cxf.apache.org/blueprint/core"
    xmlns:xsi="http://www.w3.org/2001/XMLSchema-instance" xsi:schemaLocation="http://www.osgi.org/xmlns/blueprint/v1.0.0 https://www.osgi.org/xmlns/blueprint/v1.0.0/blueprint.xsd                   http://camel.apache.org/schema/blueprint http://camel.apache.org/schema/blueprint/camel-blueprint.xsd                 http://cxf.apache.org/blueprint/core http://cxf.apache.org/schemas/blueprint/core.xsd">
    <camelcxf:cxfEndpoint address="/greeter" id="greeterWS" serviceClass="io.fabric8.examples.camelcxf.Greeter"/>
    <camelContext id="fabric-camel-demo"
        xmlns="http://camel.apache.org/schema/blueprint"
        xmlns:xsi="http://www.w3.org/2001/XMLSchema-instance" xsi:schemaLocation="http://camel.apache.org/schema/blueprint ">
        <route id="fabric-camel-cxf">
            <from id="_from1" uri="cxf:bean:greeterWS"/>
            <log id="_to1" message="${body}"/>
            <transform id="_transform1">
                <constant>Hello</constant>
            </transform>
        </route>
    </camelContext>
</blueprint>
