<?xml version="1.0" encoding="UTF-8"?>
<!-- Red Hat Stock Exchange and Trading Systems-->
<multiple>
    <stocktrading>
        <name>Pablo Szuster</name>
        <custId>K34567854</custId>
        <vip>1</vip>
        <stockId>KUJ</stockId>
        <shares>25</shares>        
    </stocktrading>
    <stocktrading>
        <name>Juan Perez</name>
        <custId>C34567678</custId>
        <vip>5</vip>
        <stockId>SOU</stockId>
        <shares>10</shares>        
    </stocktrading>
</multiple>
