<?xml version="1.0" encoding="UTF-8" standalone="yes"?>
<mappings xmlns="http://dozer.sourceforge.net" xmlns:xsi="http://www.w3.org/2001/XMLSchema-instance" xsi:schemaLocation="http://dozer.sourceforge.net http://dozer.sourceforge.net/schema/beanmapping.xsd">
    <configuration>
        <wildcard>false</wildcard>
    </configuration>
    <mapping>
        <class-a>com.demo.mycompany.Stocktrading</class-a>
        <class-b>stocktrading.Stocktrading</class-b>
        <field>
            <a>custId</a>
            <b>custId</b>
        </field>
        <field>
            <a>stockId</a>
            <b>stockId</b>
        </field>
        <field>
            <a>vip</a>
            <b>vip</b>
        </field>
    </mapping>
    <mapping>
        <class-a>org.apache.camel.component.dozer.ExpressionMapper</class-a>
        <class-b>stocktrading.Stocktrading</class-b>
        <field custom-converter-id="_expressionMapping" custom-converter-param="simple:\${body.name} \${body.lastName}">
            <a>expression</a>
            <b>name</b>
        </field>
        <field custom-converter-id="_expressionMapping" custom-converter-param="groovy:request.body.shares * request.body.cost">
            <a>expression</a>
            <b>total</b>
        </field>
    </mapping>
</mappings>
